Alex / Ryan / Dave,Format,My Deck,Opponent's Deck,Game 1/2/3,Win / Lose,Card 1,Card 2,Card 3,Card 4,Card 5,Card 6,Card 7
Dave,Modern,UG Merfolk,Stompy,1,Win,Island,Mutavault,Aether Vial,Lord of adlantis,Merfolk mistbinder,Merrow reejery,Master of waves
Dave,Modern,UG Merfolk,Stompy,3,Win,Misty,Mutavault,Cursecatcher,Deeproot elite,Merrow reejery,Kumena,
Dave,Modern,UG Merfolk,White Weenie,2,Win,Island,Mutavault,Aether Vial,Cursecatcher,Merrow reejery,Seafloor oracle,
Dave,Modern,UG Merfolk,White Weenie,3,Win,Island,Aether Vial,Cursecatcher,Lord of adlantis,Merfolk mistbinder,Kumena,Master of waves
Ryan,Modern,Mardu Pyromancer,White Weenie,1,Win,Bloodstained mire,blackcleave cliffs,faithless looting,faithless looting,inquisition of kozilek,bedlam reveler,mountain
Ryan,Modern,Mardu Pyromancer,White Weenie,3,win,blackcleave cliffs,inquisition of kozilek,inquisition of kozilek,thoughtseize,fatal push,collective brutality,terminate
Dave,Modern,UG Merfolk,Mono White Hatebears,1,Win,Island,Island,Misty,Silvergill adept,Merrow reejery,Merrow reejery,Merrow reejery 
Ryan,Modern,Mardu Pyromancer,Rock,2,win,lingering souls,young pyromancer,arid mesa,bloodstained mire,marsh flats,lingering souls,inquisition of kozilek
Ryan,Modern,Mardu Pyromancer,Rock,3,win,arid mesa,fatal push,bloodstained mire,young pyromancer,swamp,lightning bolt,dire fleet daredevil
Ryan,Modern,Mardu Pyromancer,affinity,2,win,blackcleave cliffs,blood crypt,inquisition of kozilek,thoughtseize,young pyromancer,wear//tear,terminate
Ryan,Modern,mardu Pyromancer,affinity,3,win,swamp,blackcleave cliffs,blackcleave cliffs,kolaghan's command,inquisition of kozilek,terminate,fatal push
Ryan,modern,mardu Pyromancer,humans,1,win,blackcleave cliffs,blood crypt,bloodstained mire,swamp,young pyromancer,faithless looting,dire fleet daredevil
Ryan,modern,mardu Pyromancer,humans,2,win,blackcleave cliffs,swamp,lightning bolt,bedlam reveler,young pyromancer,kolaghan's command,dreadbore
Ryan,modern,mardu Pyromancer,merfolk,1,win,marsh flats,sacred foundry,terminate,kolaghan's command,lingering souls,thoughtseize,bedlam reveler
ryan,modern,mardu Pyromancer,merfolk,2,win,blackcleave cliffs,arid mesa,sacred foundry,thoughtseize,inquisition of kozilek,bedlam reveler,
ryan,modern,mardu Pyromancer,humans,2,win,marsh flats,swamp,inquisition of kozilek,mountain,faithless looting,bedlam reveler,dreadbore
ryan,modern,mardu Pyromancer,lantern,1,win,Bloodstained mire,lingering souls,faithless looting,young pyromancer,blood moon,,
ryan,modern,mardu Pyromancer,lantern,2,win,blackcleave cliffs,thoughtseize,thoughtseize,inquisition of kozilek,inquisition of kozilek,kambal  consul of allocation,bedlam reveler
ryan,modern,mardu Pyromancer,grixis shadow,2,win,mountain,blackcleave cliffs,inquisition of kozilek,bedlam reveler,young pyromancer,kolaghan's command,terminate
Dave,modern,UG merfolk,UW Spirits,1,win,Breeding pool,Island,Mutavault,Mutavault,Silvergill adept,Kumena,Master of waves
ryan,modern,mardu pyromancer,uwr,2,win,arid mesa,dire fleet daredevil,lightning bolt,terminate,swamp,thoughtseize,
ryan,modern,mardu pyromancer,uwr,3,win,Bloodstained mire,bloodstained mire,faithless looting,lightning bolt,young pyromancer,kolaghan's command,terminate
ryan,modern,mardu pyromancer,burn,2,win,swamp,blackcleave cliffs,blood crypt,inquisition of kozilek,inquisition of kozilek,lingering souls,faithless looting
ryan,modern,mardu pyromancer,burn,3,win,mountain,blood crypt,lightning bolt,dire fleet daredevil,bedlam reveler,kambal  consul of allocation,young pyromancer
ryan,modern,mardu pyromancer,Temur scapeshift,2,win,bloodstained mire,arid mesa,sacred foundry,thoughtseize,collective brutality,kolaghan's command,
ryan,modern,mardu pyromancer,Temur scapeshift,3,win,marsh flats,sacred foundry,inquisition of kozilek,collective brutality,faithless looting,kambal  consul of allocation,
ryan,modern,mardu pyromancer,ur delver,1,win,blood crypt,swamp,bloodstained mire,young pyromancer,terminate,bedlam reveler,
ryan,modern,mardu pyromancer,ur delver,3,win,bloodstained mire,blood crypt,sacred foundry,inquisition of kozilek,dire fleet daredevil,bedlam reveler,faithless looting
Ryan,modern,mardu pyromancer,dredge,2,win,mountain,sacred foundry,faithless looting,faithless looting,dreadbore,bedlam reveler,fatal push
ryan,modern,mardu pyromancer,mardu madcap/nahiri,1,win,swamp,sacred foundry,inquisition of kozilek,inquisition of kozilek,faithless looting,faithless looting,blood moon
ryan,modern,mardu pyromancer,mardu madcap/nahiri,2,win,swamp,blackcleave cliffs,magmatic insight,young pyromancer,dreadbore,lightning bolt,kambal  consul of allocation
Alex,Vintage,Dredge,Oath Storm,1,win,Dread Return,Golgari Grave-Troll,Bazaar of Baghdad,Bazaar of Baghdad,Undiscovered Paradise,Dakmor Salvage,
Alex,Vintage,Dredge,Oath Storm,3,win,Prized Amalgam,Serum Powder,Bazaar of Baghdad,Mental Misstep,Narcomoeba,Force of Will,Nature's Claim
Alex,Vintage,Dredge,Shops,1,win,Bazaar of Baghdad,Stinkweed Imp,Prized Amalgam,Mana Confluence,,,
Alex,Vintage,Dredge,Stax,1,win,Narcomoeba,Bazaar of Baghdad,Bloodghast,Bloodghast,Dakmoor Salvage,Ichorid,Cabal Therapy
Dave,Modern,UG Merfolk,Abzan,1,Win,Misty,Unclaimed Territory,Unclaimed territory,Deeproot elite,Deeproot elite,Silvergill adept,
ryan,Modern,mardu pyromancer,u/r pyro,1,win,mountain,blood crypt,arid mesa,faithless looting,lightning bolt,lightning bolt,lingering souls
ryan,Modern,mardu pyromancer,u/r pyro,2,win,blackcleave cliffs,arid mesa,lingering souls,thoughtseize,dire fleet daredevil,inquisition of kozilek,faithless looting
ryan,Modern,mardu pyromancer,elves,1,win,blackcleave cliffs,arid mesa,lightning bolt,lightning bolt,lightning bolt,bedlam reveler,
ryan,Modern,mardu pyromancer,elves,3,win,bloodstained mire,blackcleave cliffs,bedlam reveler,dreadbore,young pyromancer,lingering souls,dire fleet daredevil
Dave,Modern,UG Merfolk,5 Color Shadow,1,win,Misty,Unclaimed Territory,Aether vial,Silvergill adept,Merrow reejery,Seafloor oracle,
Dave,Modern,UG Merfolk,5 Color Shadow,2,win,Mutavault,Breeding pool,Island,Silvergill adept,Merfolk mistbinder,Master of the pearl trident,Kopala
Dave,Modern,UG Merfolk,Jund Shadow,1,win,Misty,Botanical Sanctum,Cursecatcher,Silvergill adept,Master of the pearl trident,Merrow reejery,Master of waves
Dave,Modern ,UG Merfolk,Jund Shadow,2,win,Mutavault,Unclaimed territory,Oboro,Misty,Island,Silvergill adept,Master of waves
Ryan,modern,mardu pyromancer,uw control,1,win,swamp,faithless looting,young pyromancer,blood moon,lingering souls,,
ryan,modern,mardu pyromancer,elves,1,win,bloodstained mire,mountain,swamp,dire fleet daredevil,lightning bolt,lingering souls,thoughtseize
ryan,modern,mardu pyromancer,elves,3,win,marsh flats,bloodstained mire,fatal push,kolaghan's command,bedlam reveler,terminate,lightning bolt
ryan ,modern,mardu pyromancer,r/g vengevine hollow one,1,win,marsh flats,bloodstained mire,swamp,bloodstained mire,inquisition of kozilek,young pyromancer,faithless looting
ryan ,modern,mardu pyromancer,r/g vengevine hollow one,2,win,bedlam reveler,blood crypt,bloodstained mire,young pyromancer,bloodstained mire,kolaghan's command,inquisition of kozilek
ryan ,modern,mardu pyromancer,affinity,2,win,arid mesa,arid mesa,swamp,inquisition of kozilek,faithless looting,magmatic insight,young pyromancer
ryan ,modern,mardu pyromancer,affinity,3,win,shattering spree,bloodstained mire,young pyromancer,young pyromancer,lightning bolt,lightning bolt,blackcleave cliffs
ryan ,modern,mardu pyromancer,uw control,1,win,bloodstained mire,mountain,inquisition of kozilek,thoughtseize,young pyromancer,inquisition of kozilek,lightning bolt
ryan ,modern,mardu pyromancer,uw control,2,win,blackcleave cliffs,blackcleave cliffs,thoughtseize,collective brutality,bedlam reveler,dire fleet daredevil,thoughtseize
Alex,Vintage,Dredge,4 Color Control,1,Win,Cabal Therapy,Narcomoeba,Stinkweed Imp,Narcomoeba,Bazaar of Baghdad,Narcomoeba,Dakmor Salvage
Alex,Vintage,Dredge,4 Color Control,2,Win,Narcomoeba,Mental Misstep,Hollow One,Bazaar of Baghdad,Ichorid,Force of Will,Prized Amalgam
Alex,Vintage,Dredge,Paradoxical Outcome,1,Win,Prized Amalgam,Dakmor Salvage,Golgari Thug,Bazaar of Baghdad,Ichorid,Stinkweed Imp,Bloodghast
Alex,Vintage,Dredge,BUG Pyromancer,1,Win,Force of Will,Dakmor Salvage,Bloodghast,Bazaar of Baghdad,Bridge from Below,Bloodghast,Stinkweed Imp
Alex,Vintage,Dredge,BUG Pyromancer,2,Win,Prized Amalgam,Bazaar of Baghdad,Mana Confluence,Bridge from Below,Mana Confluence,Narcomoeba,Mental Misstep
Alex,Vintage,Dredge,Paradoxical Outcome,1,Win,Prized Amalgam,Bazaar of Baghdad,Mana Confluence,Bazaar of Baghdad,Petrified Field,Bloodghast,Bloodghast
Alex,Vintage,Dredge,Paradoxical Outcome,2,Win,Golgari Grave-Troll,Mana Confluence,Bazaar of Baghdad,Bloodghast,Undiscovered Paradise,Prized Amalgam,
Alex,Vintage,Dredge,Oath,1,Win,Mana Confluence,Serum Powder,Bazaar of Baghdad,Stinkweed Imp,Prized Amalgam,Ichorid,Bridge from Below
Alex,Vintage,Dredge,Leovold,1,Win,Narcomoeba,Narcomoeba,Serum Powder,Bloodghast,Narcomoeba,Bazaar of Baghdad,Elesh Norn
Alex,Vintage,Dredge,Leovold,3,Win,Bridge from Below,Mental Misstep,Bazaar of Baghdad,Serum Powder,Hollow One,Narcomoeba,Dakmor Salvage
Alex,Vintage,Dredge,Shops,1,Win,Bazaar of Baghdad,Bridge from Below,Cabal Therapy,Force of Will,,,
ryan,modern,mardu pyromancer,w/b eldrazi,2,win,mountain,bloodstained mire,bloodstained mire,thoughtseize,young pyromancer,inquisition of kozilek,blood moon
ryan,modern,mardu pyromancer,w/b eldrazi,3,win,bloodstained mire,sacred foundry,mountain,faithless looting,faithless looting,collective brutality,blood moon
ryan,modern,living end,hollow one,1,win,blackcleave cliffs,overgrown tomb,fulminator mage,beast within,monstrous carabid,demonic dread,violent outburst
ryan,modern,living end,temur,3,win,verdant catacombs,street wraith,simian spirit guide,simian spirit guide,violent outburst,blood moon,horror of the broken lands
ryan,modern,living end,blue turns,1,win,forest,swamp,architects of will,violent outburst,street wraith,violent outburst,architects of will
ryan,modern,living end,blue turns,2,win,forest,bloodstained mire,horror of the broken lands,street wraith,violent outburst,ricochet trap,living end
ryan,modern,living end,burn,1,win,swamp,swamp,blood moon,horror of the broken lands,monstrous carabid,simian spirit guide,verdant catacombs
ryan,modern,naya,ug merfolk,1,win,dryad arbor,arid mesa,experiment one,experiment one,kird ape,goblin guide,reckless bushwhacker
ryan,modern,naya,ug merfolk,2,win,windswept heath,temple garden,wooded foothills,devastating summons,wild nacatl,kird ape,tarmogoyf
ryan,modern,naya,bogles,2,win,sacred foundry,stomping ground,burning-tree emissary,reckless bushwhacker,arid mesa,tarmogoyf,experiment one
ryan,modern,naya,burn,1,win,wooded foothills,tarmogoyf,stomping ground,reckless bushwhacker,atarka's command,goblin guide,windswept heath
ryan,modern,naya,burn,3,win,windswept heath,sacred foundry,goblin guide,wild nacatl,burning-tree emissary,reckless bushwhacker,lightning bolt
ryan,modern,naya,bant spirits,1,win,temple garden,sacred foundry,experiment one,burning-tree emissary,experiment one,burning-tree emissary,goblin guide
ryan,modern,naya,bant spirits,3,win,windswept heath,wooded foothills,experiment one,experiment one,tarmogoyf,goblin guide,path to exile
ryan,modern,naya,burn,1,win,sacred foundry,forked bolt,atarka's command,devastating summons,reckless bushwhacker,tarmogoyf,
ryan,modern,naya,burn,3,win,sacred foundry,forest,windswept heath,experiment one,reckless bushwhacker,burning-tree emissary,kird ape
ryan,modern,naya,uw,1,win,stomping ground,path to exile,lightning bolt,atarka's command,experiment one,burning-tree emissary,
ryan,modern,naya,uw,2,win,arid mesa,lightning bolt,wild nacatl,burning-tree emissary,sacred foundry,experiment one,tarmogoyf
ryan,modern,naya,jund,1,win,sacred foundry,dryad arbor,goblin guide,lightning bolt,goblin guide,path to exile,kird ape
ryan,modern,naya,jund,3,win,temple garden,arid mesa,wild nacatl,atarka's command,burning-tree emissary,kird ape,path to exile
ryan,modern,naya,amulet,1,win,stomping ground,wooded foothills,lightning bolt,kird ape,wild nacatl,path to exile,tarmogoyf
ryan,modern,naya,bogles,1,win,arid mesa,arid mesa,arid mesa,experiment one,burning-tree emissary,lightning bolt,burning-tree emissary
ryan,modern,naya,bogles,3,win,arid mesa,temple garden,wooded foothills,lightning bolt,goblin guide,burning-tree emissary,reckless bushwhacker
ryan,modern,naya,temur lands,1,win,dryad arbor,sacred foundry,wild nacatl,tarmogoyf,burning-tree emissary,tarmogoyf,devastating summons
ryan,modern,naya,temur lands,3,win,windswept heath,windswept heath,windswept heath,wild nacatl,goblin guide,lightning bolt,forked bolt
ryan,modern,naya,storm,1,win,wooded foothills,windswept heath,wild nacatl,devastating summons,tarmogoyf,burning-tree emissary,
ryan,modern,naya,storm,2,win,wooded foothills,kird ape,kird ape,rest in peace,rest in peace,atarka's command,
ryan,modern,naya,abzan ascendancy,2,win,windswept heath,experiment one,wild nacatl,goblin guide,path to exile,rest in peace,devastating summons
ryan,modern,naya,abzan ascendancy,3,win,windswept heath,experiment one,reckless bushwhacker,ghor-clan rampager,kird ape,devastating summons,
ryan,modern,naya,8 rack,1,win,stomping ground,wooded foothills,tarmogoyf,burning-tree emissary,atarka's command,reckless bushwhacker,
ryan,modern,naya,8 rack,3,win,stomping ground,wild nacatl,wooded foothills,goblin guide,burning-tree emissary,burning-tree emissary,lightning bolt
ryan,modern,naya,dredge,2,win,windswept heath,wooded foothills,arid mesa,goblin guide,wild nacatl,devastating summons,reckless bushwhacker
ryan,modern,naya,ub rack,2,win,stomping ground,windswept heath,dryad arbor,experiment one,burning-tree emissary,goblin guide,ancient grudge
ryan,modern,naya,ub rack,3,win,sacred foundry,wooded foothills,arid mesa,dryad arbor,wild nacatl,tarmogoyf,atarka's command
ryan,modern,naya,gw value,1,win,wooded foothills,sacred foundry,temple garden,windswept heath,lightning bolt,reckless bushwhacker,burning-tree emissary
ryan,modern,naya,burn,1,win,arid mesa,windswept heath,devastating summons,burning-tree emissary,wild nacatl,lightning bolt,kird ape
ryan,modern,naya,burn,3,win,sacred foundry,forest,stomping ground,kird ape,tarmogoyf,atarka's command,atarka's command
Dave,modern,Affinity,B/W Tokens,1,win,Mountain,Springleaf drum,Memnite,Vault Skirge,Vault Skirge,,
Dave,modern,Affinity,B/W Tokens,2,win,Darksteel citadel,Glimmervoid,Mox opal,Vault Skirge,Arcbound ravager,Cranial plating,Master of etherium
ryan,modern,naya,blue turns,1,win,wooded foothills,experiment one,kird ape,wild nacatl,tarmogoyf,atarka's command,reckless bushwhacker
Dave,modern,Affinity,UWR (W/Elesh Norn),1,win,Mox opal,Memnite,Signal pest,Galvanic blast ,Vault Skirge,Master of etherium,
Dave,modern ,Affinity,UWR (W/Elesh Norn),3,win,Blinkmoth nexus,Inkmoth nexus,Vault skirge,Arcbound ravager,Etched champion,Ghirapur aether grid,
ryan,modern,naya,goblins,2,win,,,,,,,
ryan,modern,naya,burn,1,win,sacred foundry,windswept heath,mountain,wild nacatl,atarka's command,goblin guide,burning-tree emissary
ryan,modern,naya,burn,2,win,wooded foothills,wooded foothills,windswept heath,wild nacatl,lightning bolt,experiment one,lightning bolt
Dave,modern,Affinity,RG moon,1,win,Blinkmoth nexus,Glimmervoid,Darksteel citadel,Mox opal,Orniithopter,Master of etherium,
Dave,modern,Affinity,RG moon,2,win,Darksteel citadel,Glimmervoid,Memnite,Signal pest,Arcbound ravager,Cranial plating,Cranial plating
Dave,modern,Affinity,Living end,2,win,Darksteel citadel,Blinkmoth nexus,Ornithopter,Signal pest,Relic of progenitus,Mox opal,Steel overseer
Dave,modern,Affinity,Jund,1,Win,Inkmoth nexus,Inkmoth nexus,Darksteel citadel,Memnite,Springleaf drum,Vault skirge,Steel overseer
Dave,modern,Affinity,Jund,2,Win,Glimmervoid,Ornithopter,Ornithopter,Signal pest,Springleaf drum,Cranial plating,Cranial plating
Dave,modern,Affinity,BR Flamblade adept,1,Win,Glimmervoid,Blinkmoth nexus,Memnite,Memnite,Mox opal,Signal pest,Steel overseer
Dave,modern,Affinity ,RG moon,1,Win,Darksteel citadel,Darksteel citadel,Inkmoth nexus,Signal pest,Vault skirge,Cranial plating,Cranial plating
Dave,modern,Affinity,Esper midrange,1,Win,Inkmoth nexus,Darksteel citadel,Darksteel citadel,Memnite,Memnite,Mox opal,Arcbound ravager
Dave,modern,Affinity,Esper midrange,2,Win,Blinkmoth nexus,Ornithopter,Mox opal,Springleaf drum,Galvanic blast,Arcbound ravager,
Dave,modern,Affinity,UB Control,1,Win,Glimmervoid,Inkmoth nexus,Ornithopter,Memnite,Mox opal,Signal pest,Cranial plating
Dave,modern,Affinity,UB Control,3,Win,Darksteel citadel,Mountain,Memnite,Mox opal,Cranial plating,Cranial plating,Etched champion
Ryan,Modern,Mardu Pyromancer,White Weenie,2,Loss,Swamp,bloodstained mire,lightning bolt,kolaghan's command,young pyromancer,thoughtseize,
Dave,Modern,UG Merfolk,Mono White Hatebears,2,Loss,Misty,Aether Vial,Silvergill adept,Deeproot elite,Lord of adlantis,Spreading seas,Master of waves
Dave,Modern,UG Merfolk,Mono White Hatebears,3,Loss,Misty,Breeding pool,Cursecatcher,Aether vial,Silvergill adept,Lord of adlantis,Merfolk mistbinder
Ryan,Modern,Mardu Pyromancer,Rock,1,Loss,swamp,bloodstained mire,marsh flats,lingering souls,young pyromancer,thoughtseize,inquisition of kozilek
Ryan,Modern,Mardu Pyromancer,affinity,1,loss,Bloodstained mire,bloodstained mire,blackcleave cliffs,swamp,inquisition of kozilek,terminate,faithless looting
Ryan,modern,mardu Pyromancer,burn,1,loss,blood crypt,faithless looting,young pyromancer,lightning bolt,kolaghan's command,terminate,bedlam reveler
Ryan,modern,mardu Pyromancer,burn,2,loss,blackcleave cliffs,mountain,collective brutality,bloodstained mire,kolaghan's command,fatal push,arid mesa
ryan,modern,mardu Pyromancer,ironworks,1,loss,blood crypt,mountain,young pyromancer,thoughtseize,lingering souls,young pyromancer,bedlam reveler
ryan,modern,mardu Pyromancer,ironworks,2,loss,blackcleave cliffs,mountain,bloodstained mire,thoughtseize,young pyromancer,bedlam reveler,lingering souls
ryan,modern,mardu Pyromancer,humans,1,loss,sacred foundry,mountain,lightning bolt,young pyromancer,bedlam reveler,blood moon,
ryan,modern,mardu Pyromancer,humans,3,loss,arid mesa,swamp,sacred foundry,lightning bolt,thoughtseize,blood moon,
ryan,modern,mardu Pyromancer,grixis shadow,1,loss,marsh flats,bloodstained mire,young pyromancer,lingering souls,dire fleet daredevil,inquisition of kozilek,kolaghan's command
Dave,modern,UG merfolk,UW Spirits,2,loss,Breeding pool,Island,Aether Vial,Aether vial,Gut shot,Silvergill adept,
Dave,modern,UG merfolk,UW Spirits,3,loss,Breeding pool,Island,Mutavault,Lord of adlantis,Lord of adlantis,Merrow reejery,Seafloor oracle
ryan,modern,mardu pyromancer,uwr,1,loss,mountain,blackcleave cliffs,bedlam reveler,dire fleet daredevil,thoughtseize,thoughtseize,
ryan,modern,mardu pyromancer,burn,1,loss,sacred foundry,blackcleave cliffs,swamp,bedlam reveler,lightning bolt,inquisition of kozilek,
Dave,modern,UG merfolk,affinity,1,loss,Island,Island,Misty,Mutavault,Cursecatcher,Silvergill adept,Spreading seas
Dave,modern,UG merfolk,affinity,2,loss,Botanical sanctum,Cursecatcher,Gut shot,Silvergill adept,Silvergill adept,Master of the pearl trident,Merrow reejery
ryan,modern,mardu pyromancer,Temur scapeshift,1,loss,sacred foundry,mountain,arid mesa,bloodstained mire,inquisition of kozilek,dire fleet daredevil,kolaghan's command
ryan,modern,mardu pyromancer,ur delver,2,loss,blackcleave cliffs,blackcleave cliffs,marsh flats,lingering souls,terminate,dreadbore,
Ryan,modern,mardu pyromancer,dredge,1,loss,mountain,blackcleave cliffs,inquisition of kozilek,young pyromancer,young pyromancer,dire fleet daredevil,cathartic reunion
ryan,modern,mardu pyromancer,dredge,3,loss,arid mesa,bloodstained mire,faithless looting,lightning bolt,terminate,dreadbore,bedlam reveler
ryan,modern,mardu pyromancer,ur kiki,1,loss,marsh flats,blackcleave cliffs,bloodstained mire,faithless looting,young pyromancer,bedlam reveler,dire fleet daredevil
ryan,modern,mardu pyromancer,ur kiki,2,loss,sacred foundry,blackcleave cliffs,mountain,faithless looting,faithless looting,faithless looting,bedlam reveler
Alex,Vintage,Dredge,Oath Storm,2,loss,Nature's Claim,Golgari Thug,Force of Will,Bridge from Below,Golgari-Grave Troll,Bazaar of Baghdad,
Alex,Vintage,Dredge,Shops,2,loss,Bazaar of Baghdad,Mana Confluence,Bridge from Below,Bloodghast,Golgari Grave-Troll,Narcomoeba,Serum Powder
Alex,Vintage,Dredge,Shops,3,loss,Mana Confluence,Bazaar of Baghdad,Ichorid,Cabal Therapy,,,
Alex,Vintage,Dredge,Stax,2,loss,Dakmoor Salvage,Force of Will,Narcomoeba,Force of Will,Narcomoeba,Bazaar of Baghdad,Stinkweed Imp
Alex,Vintage,Dredge,Stax,3,loss,Bazaar of Baghdad,Mental Misstep,Stinkweed Imp,Narcomoeba,Nature's Claim,,
Dave,Modern,UG Merfolk,Abzan,2,Loss,Island,Island,Aether vial,Silvergill adept,Master of the pearl trident,Lord of adlantis,Merfolk mistbinder
ryan,Modern,mardu pyromancer,uw control,1,loss,mountain,marsh flats,faithless looting,dreadbore,blood moon,bedlam reveler,lingering souls
ryan,Modern,mardu pyromancer,uw control,2,loss,arid mesa,sacred foundry,thoughtseize,inquisition of kozilek,bedlam reveler,faithless looting,
ryan,Modern,mardu pyromancer,elves,2,loss,arid mesa,mountain,swamp,inquisition of kozilek,kolaghan's command,lingering souls,bedlam reveler
ryan,modern,mardu pyromancer,uw control,2,loss,swamp,dire fleet daredevil,blackcleave cliffs,bedlam reveler,faithless looting,blackcleave cliffs,lingering souls
ryan,modern,mardu pyromancer,uw control,3,loss,arid mesa,dire fleet daredevil,blood moon,lightning bolt,faithless looting,kolaghan's command,fatal push
ryan,modern,mardu pyromancer,elves,2,loss,bloodstained mire,marsh flats,inquisition of kozilek,young pyromancer,collective brutality,terminate,lingering souls
ryan ,modern,mardu pyromancer,affinity,1,loss,blackcleave cliffs,thoughtseize,magmatic insight,bedlam reveler,bedlam reveler,blood moon,
ryan ,modern,mardu pyromancer,abzan return to the ranks,1,loss,bloodstained mire,marsh flats,mountain,dire fleet daredevil,faithless looting,blood moon,
ryan ,modern,mardu pyromancer,abzan return to the ranks,2,loss,blood crypt,mountain,lightning bolt,young pyromancer,inquisition of kozilek,faithless looting,collective brutality
Alex,Vintage,Dredge,Paradoxical Outcome,2,Loss,Bloodghast,Bridge from Below,Cabal Therapy,Bazaar of Baghdad,Serum Powder,,
Alex,Vintage,Dredge,Paradoxical Outcome,3,Loss,Mana Confluence,Prized Amalgam,Bloodghast,Bazaar of Baghdad,Hollow One,Mana Confluence,Cabal Therapy
Alex,Vintage,Dredge,Oath,2,Loss,Bazaar of Baghdad,Serum Powder,Undiscovered Paradise,Ichorid,Serum Powder,Narcomoeba,Force of Will
Alex,Vintage,Dredge,Oath,3,Loss,Mental Misstep,Chancellor of the Annex,Stinkweed Imp,Bazaar of Baghdad,Mental Misstep,,
Alex,Vintage,Dredge,Leovold,2,Loss,Serum Powder,Cabal Therapy,Mana Confluence,Golgari Grave-Troll,Bazaar of Baghdad,Stinkweed Imp,
Alex,Vintage,Dredge,Shops,2,Loss,Prized Amalgam,Bridge from Below,Gurmag Angler,Gurmag Angler,Undiscovered Paradise,Bazaar of Baghdad,
Alex,Vintage,Dredge,Shops,3,Loss,Prized Amalgam,Hollow One,Cabal Therapy,Gurmag Angler,Prized Amalgam,Hollow One,
ryan,modern,mardu pyromancer,burn,1,loss,arid mesa,arid mesa,dire fleet daredevil,dire fleet daredevil,faithless looting,kolaghan's command,inquisition of kozilek
ryan,modern,mardu pyromancer,burn,2,loss,blood crypt,arid mesa,sacred foundry,dire fleet daredevil,terminate,bedlam reveler,
ryan,modern,mardu pyromancer,u/r prized amalgam,1,loss,inquisition of kozilek,inquisition of kozilek,blood crypt,bloodstained mire,arid mesa,,
ryan,modern,mardu pyromancer,u/r prized amalgam,2,loss,young pyromancer,mountain,blackcleave cliffs,bloodstained mire,kolaghan's command,fatal push,bedlam reveler
ryan,modern,mardu pyromancer,w/b eldrazi,1,loss,blackcleave cliffs,blackcleave cliffs,blood crypt,swamp,lightning bolt,dire fleet daredevil,kolaghan's command
ryan,modern,mardu pyromancer,u/w control,1,loss,swamp,bloodstained mire,inquisition of kozilek,bedlam reveler,magmatic insight,kolaghan's command,
ryan,modern,mardu pyromancer,u/w control,2,loss,bloodstained mire,thoughtseize,dreadbore,young pyromancer,blood moon,terminate,
ryan,modern,living end,lantern,2,loss,blackcleave cliffs,verdant catacombs,overgrown tomb,bloodstained mire,street wraith,horror of the broken lands,fulminator mage
ryan,modern,living end,hollow one,2,loss,blooming marsh,overgrown tomb,horror of the broken lands,living end,,,
ryan,modern,living end,hollow one,3,loss,forest,blooming marsh,blooming marsh,violent outburst,horror of the broken lands,beast within,simian spirit guide
ryan,modern,living end,temur,1,loss,blooming marsh,verdant catacombs,verdant catacombs,street wraith,pale recluse,pale recluse,blood moon
ryan,modern,living end,burn,2,loss,verdant catacombs,blooming marsh,horror of the broken lands,pale recluse,pale recluse,architects of will,
ryan,modern,living end,burn,3,loss,verdant catacombs,horror of the broken lands,demonic dread,simian spirit guide,anger of the gods,living end,pale recluse
ryan,modern,naya,bogles,3,loss,windswept heath,windswept heath,wooded foothills,experiment one,lightning bolt,kird ape,
ryan,modern,naya,burn,2,loss,wooded foothills,wooded foothills,experiment one,reckless bushwhacker,kird ape,atarka's command,path to exile
ryan,modern,naya,bant spirits,2,loss,arid mesa,reckless bushwhacker,path to exile,lightning bolt,kird ape,kird ape,
ryan,modern,naya,burn,2,loss,arid mesa,scavenging ooze,kor firewalker,lightning bolt,burning-tree emissary,experiment one,tarmogoyf
ryan,modern,naya,jund,2,loss,kird ape,atarka's command,wild nacatl,windswept heath,goblin guide,lightning bolt,windswept heath
ryan,modern,naya,bogles,1,loss,arid mesa,wooded foothills,atarka's command,atarka's command,goblin guide,wild nacatl,
ryan,modern,naya,bogles,2,loss,wooded foothills,atarka's command,burning-tree emissary,reckless bushwhacker,skullcrack,experiment one,
ryan,modern,naya,amulet,2,loss,path to exile,lightning bolt,experiment one,windswept heath,stomping ground,goblin guide,atarka's command
ryan,modern,naya,amulet,3,loss,wooded foothills,kird ape,kird ape,tarmogoyf,reckless bushwhacker,reckless bushwhacker,
ryan,modern,naya,bogles,2,loss,wooded foothills,mountain,kird ape,lightning bolt,tarmogoyf,tarmogoyf,atarka's command
ryan,modern,naya,blue turns,1,loss,wooded foothills,experiment one,tarmogoyf,burning-tree emissary,burning-tree emissary,reckless bushwhacker,kird ape
ryan,modern,naya,blue turns,2,loss,windswept heath,wooded foothills,lightning bolt,kird ape,goblin guide,tarmogoyf,
ryan,modern,naya,temur lands,2,loss,windswept heath,windswept heath,wild nacatl,kird ape,reckless bushwhacker,atarka's command,reckless bushwhacker
ryan,modern,naya,humans,1,loss,windswept heath,forest,wooded foothills,path to exile,wild nacatl,kird ape,
ryan,modern,naya,humans,2,loss,wooded foothills,goblin guide,kird ape,burning-tree emissary,burning-tree emissary,reckless bushwhacker,path to exile
ryan,modern,naya,affinity,1,loss,wooded foothills,goblin guide,kird ape,goblin guide,burning-tree emissary,atarka's command,atarka's command
ryan,modern,naya,affinity,2,loss,wooded foothills,wooded foothills,dryad arbor,kird ape,kird ape,reckless bushwhacker,
ryan,modern,naya,jund,1,loss,wooded foothills,wooded foothills,arid mesa,dryad arbor,reckless bushwhacker,wild nacatl,
ryan,modern,naya,jund,2,loss,windswept heath,wild nacatl,wild nacatl,goblin guide,kird ape,reckless bushwhacker,kird ape
ryan,modern,naya,abzan ascendancy,1,loss,sacred foundry,windswept heath,windswept heath,wild nacatl,burning-tree emissary,burning-tree emissary,tarmogoyf
ryan,modern,naya,8 rack,2,loss,windswept heath,mountain,goblin guide,burning-tree emissary,reckless bushwhacker,lightning bolt,lightning bolt
ryan,modern,naya,dredge,1,loss,arid mesa,wooded foothills,dryad arbor,wild nacatl,lightning bolt,lightning bolt,lightning bolt
ryan,modern,naya,dredge,3,loss,stomping ground,wooded foothills,lightning bolt,path to exile,tarmogoyf,,
ryan,modern,naya,ub rack,1,loss,sacred foundry,stomping ground,windswept heath,reckless bushwhacker,burning-tree emissary,experiment one,kird ape
ryan,modern,naya,gw value,2,loss,arid mesa,stomping ground,dryad arbor,lightning bolt,burning-tree emissary,kird ape,kird ape
ryan,modern,naya,gw value,3,loss,arid mesa,arid mesa,path to exile,path to exile,tarmogoyf,,
ryan,modern,naya,burn,2,loss,stomping ground,windswept heath,arid mesa,sacred foundry,goblin guide,tarmogoyf,reckless bushwhacker
ryan,modern,naya,blue turns,2,loss,arid mesa,windswept heath,wooded foothills,experiment one,burning-tree emissary,experiment one,
Dave,modern ,Affinity,UWR (W/Elesh Norn),2,loss,Darksteel citadel,Blinkmoth nexus,Glimmervoid,Springleaf drum,Memnite,Memnite,Memnite
ryan,modern,naya,goblins,1,loss,wild nacatl,goblin guide,experiment one,arid mesa,dryad arbor,experiment one,mountain
ryan,modern,naya,goblins,3,loss,tarmogoyf,windswept heath,experiment one,wooded foothills,lightning bolt,goblin guide,wild nacatl
Dave,modern,Affinity,Living end,1,loss,Blinkmoth nexus,Inkmoth nexus,Ornithopter,Signal pest,Steel overseer,Arcbound ravager,Cranial plating
Dave,modern,Affinity,Living end,3,loss,Glimmervoid,Inkmoth nexus,Mountain,Signal pest,Spell pierce,Cranial plating,
Dave,modern,Affinity,Storm,1,loss,Blinkmoth nexus,Glimmervoid,Darksteel citadel,Memnite,Memnite,Signal pest,Cranial plating
Dave,modern,Affinity,Storm,2,loss,Darksteel citadel,Inkmoth nexus,Mox opal,Vault skirge,Steel overseer,Cranial plating,
Dave,modern,Affinity,BR Flamblade adept,2,Loss,Glimmervoid,Memnite,Springleaf drum,Springleaf drum,Vault skirge,Cranial plating,
Dave,modern,Affinity,BR Flamblade adept,3,Loss,Inkmoth nexus,Blinkmoth nexus,Memnite,Memnite,Signal pest,Springleaf drum,Arcbound ravager
Dave,modern ,Affinity,RG moon,2,Loss,Inkmoth nexus,Signal pest,Signal pest,Springleaf drum,Galvanic blast,Steel overseer,
Dave,modern,Affinity,RG moon,3,Loss,Glimmervoid,Mountain,Galvanic blast,Vault skirge,Cranial plating,Whipflare,
Dave,modern,Affinity,UB Control,2,Loss,Memnite,Ornithopter,Springleaf drum,Arcbound ravager ,Ghirapur aether grid,,
Dave,modern,Affinity,Jund,1,Loss,Inkmoth nexus,Blinkmoth nexus,Vault skirge,Galvanic blast,Galvanic blast,Cranial plating,
Dave,modern,Affinity,Jund,2,Loss,Blinkmoth nexus,Memnite,Springleaf drum,Steel overseer,Cranial plating,,
Dave,Modern,UG Merfolk,Grixis Pyromancer,1,Lose,Island,Unclaimed Territory,Cursecatcher,Deeproot elite,Kumena,Seaafloor oracle,Merfolk mistbinder
Dave,Modern,UG Merfolk,Grixis Pyromancer,2,Lose,Island,Unclaimed Territory,Aether Vial,,,,
Dave,Modern,UG Merfolk,Stompy,2,Lose,Misty,Mutavault,Mutavault,Oboro,Lord of adlantis,Silvergill adept,Merfolk mistbinder
Dave,Modern,UG Merfolk,White Weenie,1,Lose,Island,Mutavault,Oboro,Misty,Cursecatcher,Seafloor oracle,Master of waves